<?xml version="1.0" encoding="UTF-8"?>
<project-private xmlns="http://www.netbeans.org/ns/project-private/1">
    <editor-bookmarks xmlns="http://www.netbeans.org/ns/editor-bookmarks/2" lastBookmarkId="0"/>
    <open-files xmlns="http://www.netbeans.org/ns/projectui-open-files/2">
        <group>
            <file>file:/Users/ouassarnifahd/Desktop/Hobbies/@Ensicaen/Real-Time%20Systems/Projects/projet/lib/FreeRTOS/Source/portable/MPLAB/PIC32MX/portmacro.h</file>
            <file>file:/Users/ouassarnifahd/Desktop/Hobbies/@Ensicaen/Real-Time%20Systems/Projects/projet/inc/utask.h</file>
            <file>file:/Users/ouassarnifahd/Desktop/Hobbies/@Ensicaen/Real-Time%20Systems/Projects/projet/lib/FreeRTOS/Source/include/FreeRTOS.h</file>
            <file>file:/Users/ouassarnifahd/Desktop/Hobbies/@Ensicaen/Real-Time%20Systems/Projects/projet/lib/peripherals/kuart/pic32maxiweb/src/kuart.c</file>
            <file>file:/Users/ouassarnifahd/Desktop/Hobbies/@Ensicaen/Real-Time%20Systems/Projects/projet/inc/FreeRTOSConfig.h</file>
            <file>file:/Users/ouassarnifahd/Desktop/Hobbies/@Ensicaen/Real-Time%20Systems/Projects/projet/lib/peripherals/kuart/pic32maxiweb/h/kuart.h</file>
            <file>file:/Users/ouassarnifahd/Desktop/Hobbies/@Ensicaen/Real-Time%20Systems/Projects/projet/src/utask.c</file>
        </group>
    </open-files>
</project-private>
